-- MariaDB dump 10.19  Distrib 10.4.32-MariaDB, for Win64 (AMD64)
--
-- Host: localhost    Database: watchlistmanager
-- ------------------------------------------------------
-- Server version	10.4.32-MariaDB

/*!40101 SET @OLD_CHARACTER_SET_CLIENT=@@CHARACTER_SET_CLIENT */;
/*!40101 SET @OLD_CHARACTER_SET_RESULTS=@@CHARACTER_SET_RESULTS */;
/*!40101 SET @OLD_COLLATION_CONNECTION=@@COLLATION_CONNECTION */;
/*!40101 SET NAMES utf8mb4 */;
/*!40103 SET @OLD_TIME_ZONE=@@TIME_ZONE */;
/*!40103 SET TIME_ZONE='+00:00' */;
/*!40014 SET @OLD_UNIQUE_CHECKS=@@UNIQUE_CHECKS, UNIQUE_CHECKS=0 */;
/*!40014 SET @OLD_FOREIGN_KEY_CHECKS=@@FOREIGN_KEY_CHECKS, FOREIGN_KEY_CHECKS=0 */;
/*!40101 SET @OLD_SQL_MODE=@@SQL_MODE, SQL_MODE='NO_AUTO_VALUE_ON_ZERO' */;
/*!40111 SET @OLD_SQL_NOTES=@@SQL_NOTES, SQL_NOTES=0 */;

--
-- Table structure for table `password_reset_tokens`
--

DROP TABLE IF EXISTS `password_reset_tokens`;
/*!40101 SET @saved_cs_client     = @@character_set_client */;
/*!40101 SET character_set_client = utf8 */;
CREATE TABLE `password_reset_tokens` (
  `token_id` int(11) NOT NULL AUTO_INCREMENT,
  `email` varchar(100) NOT NULL,
  `token` varchar(255) NOT NULL,
  `expires_at` datetime NOT NULL,
  `created_at` timestamp NOT NULL DEFAULT current_timestamp(),
  PRIMARY KEY (`token_id`),
  UNIQUE KEY `email` (`email`),
  UNIQUE KEY `token` (`token`)
) ENGINE=InnoDB AUTO_INCREMENT=5 DEFAULT CHARSET=utf8mb4 COLLATE=utf8mb4_general_ci;
/*!40101 SET character_set_client = @saved_cs_client */;

--
-- Dumping data for table `password_reset_tokens`
--

LOCK TABLES `password_reset_tokens` WRITE;
/*!40000 ALTER TABLE `password_reset_tokens` DISABLE KEYS */;
/*!40000 ALTER TABLE `password_reset_tokens` ENABLE KEYS */;
UNLOCK TABLES;

--
-- Table structure for table `server_links`
--

DROP TABLE IF EXISTS `server_links`;
/*!40101 SET @saved_cs_client     = @@character_set_client */;
/*!40101 SET character_set_client = utf8 */;
CREATE TABLE `server_links` (
  `server_link_id` int(11) NOT NULL AUTO_INCREMENT,
  `movie_id` int(11) DEFAULT NULL,
  `series_id` int(11) DEFAULT NULL,
  `link` text NOT NULL,
  `added_at` timestamp NOT NULL DEFAULT current_timestamp(),
  PRIMARY KEY (`server_link_id`)
) ENGINE=InnoDB AUTO_INCREMENT=11 DEFAULT CHARSET=utf8mb4 COLLATE=utf8mb4_general_ci;
/*!40101 SET character_set_client = @saved_cs_client */;

--
-- Dumping data for table `server_links`
--

LOCK TABLES `server_links` WRITE;
/*!40000 ALTER TABLE `server_links` DISABLE KEYS */;
INSERT INTO `server_links` VALUES (2,NULL,1396,'\\Sorozatok\\Breaking Bad','2025-07-12 14:05:55'),(3,NULL,93405,'/Sorozatok/Squid Game','2025-07-12 14:06:29'),(4,NULL,60059,'/Sorozatok/Better Call Saul','2025-07-13 22:51:49'),(5,559969,NULL,'/Sorozatok/Breaking Bad/El Camino','2025-07-14 06:14:58'),(6,NULL,204082,'/Sorozatok/Squid Game The Challenge','2025-07-14 06:30:45'),(7,NULL,100088,'/Sorozatok/The Last of Us','2025-07-14 06:57:17'),(8,NULL,94605,'/Sorozatok/Arcane','2025-07-14 07:07:07'),(9,NULL,70681,'/Sorozatok/Toth Janos','2025-07-14 07:07:33'),(10,NULL,60625,'\\Sorozatok\\Rick And Morty','2025-07-19 01:53:09');
/*!40000 ALTER TABLE `server_links` ENABLE KEYS */;
UNLOCK TABLES;

--
-- Table structure for table `user_links`
--

DROP TABLE IF EXISTS `user_links`;
/*!40101 SET @saved_cs_client     = @@character_set_client */;
/*!40101 SET character_set_client = utf8 */;
CREATE TABLE `user_links` (
  `link_id` int(11) NOT NULL AUTO_INCREMENT,
  `user_id` int(11) NOT NULL,
  `movie_id` int(11) DEFAULT NULL,
  `series_id` int(11) DEFAULT NULL,
  `link_url` text NOT NULL,
  `added_at` timestamp NOT NULL DEFAULT current_timestamp(),
  PRIMARY KEY (`link_id`),
  UNIQUE KEY `user_id` (`user_id`,`movie_id`,`series_id`),
  CONSTRAINT `user_links_ibfk_1` FOREIGN KEY (`user_id`) REFERENCES `users` (`user_id`) ON DELETE CASCADE
) ENGINE=InnoDB AUTO_INCREMENT=8 DEFAULT CHARSET=utf8mb4 COLLATE=utf8mb4_general_ci;
/*!40101 SET character_set_client = @saved_cs_client */;

--
-- Dumping data for table `user_links`
--

LOCK TABLES `user_links` WRITE;
/*!40000 ALTER TABLE `user_links` DISABLE KEYS */;
INSERT INTO `user_links` VALUES (1,1,183392,NULL,'https://www.youtube.com/watch?v=ID98j7z_BBs&ab_channel=HABALA','2025-03-29 20:50:46'),(2,1,110415,NULL,'https://videa.hu/videok/film-animacio/snowpiercer-tulelok-viadala-2013-film-animacio-FSUdTaWVtar1MTml','2025-03-29 21:38:22'),(3,1,NULL,1396,'https://moviedrive.hu/sorozat/?id=806','2025-06-13 18:58:53'),(4,1,NULL,60059,'https://moviedrive.hu/sorozat/?id=1743&evad=5','2025-06-14 10:24:10'),(5,1,NULL,1429,'https://9animetv.to/watch/attack-on-titan-final-season-part-2-17753?ep=85848','2025-06-16 17:31:09'),(7,8,NULL,1402,'https://moviedrive.hu/sorozat/?id=4373','2025-06-24 07:56:21');
/*!40000 ALTER TABLE `user_links` ENABLE KEYS */;
UNLOCK TABLES;

--
-- Table structure for table `user_notes`
--

DROP TABLE IF EXISTS `user_notes`;
/*!40101 SET @saved_cs_client     = @@character_set_client */;
/*!40101 SET character_set_client = utf8 */;
CREATE TABLE `user_notes` (
  `note_id` int(11) NOT NULL AUTO_INCREMENT,
  `user_id` int(11) NOT NULL,
  `movie_id` int(11) DEFAULT NULL,
  `series_id` int(11) DEFAULT NULL,
  `note` text NOT NULL,
  `updated_at` timestamp NOT NULL DEFAULT current_timestamp() ON UPDATE current_timestamp(),
  PRIMARY KEY (`note_id`),
  UNIQUE KEY `user_id` (`user_id`,`movie_id`,`series_id`),
  CONSTRAINT `user_notes_ibfk_1` FOREIGN KEY (`user_id`) REFERENCES `users` (`user_id`) ON DELETE CASCADE
) ENGINE=InnoDB AUTO_INCREMENT=27 DEFAULT CHARSET=utf8mb4 COLLATE=utf8mb4_general_ci;
/*!40101 SET character_set_client = @saved_cs_client */;

--
-- Dumping data for table `user_notes`
--

LOCK TABLES `user_notes` WRITE;
/*!40000 ALTER TABLE `user_notes` DISABLE KEYS */;
INSERT INTO `user_notes` VALUES (3,1,110415,NULL,'Megnézni közösen, én abbahagytam a leges legvégén, és nem tudom mennyire sok szöveget lehet ide írni, de ha már van akkor kifullozzuk mert miért ne. Legalább gyakorlom a gépelést is, és akkor meglátjuk, hogy lehet lentebb kellene vennem a karakter sz','2025-03-29 21:43:08'),(4,1,183392,NULL,'Érdekes lehet, kíváncsi vagyok milyen','2025-03-29 22:59:45'),(5,1,83533,NULL,'Majd moziba jó lenne a családdal közösen, ha kijön év végére','2025-03-29 23:01:02'),(7,1,19995,NULL,'ydfdghf,d,kkgh','2025-03-30 12:18:57'),(8,1,950387,NULL,'Április 3, csüt. Mozi\n4dx 3dben mennyire fasza lehetne már Leviékkel XD','2025-04-01 04:31:06'),(9,5,912649,NULL,'Jó vólt','2025-04-01 07:43:40'),(11,1,1273059,NULL,'Debreceni forgatás!!!!','2025-04-14 19:45:23'),(12,1,559969,NULL,'Breaking bad 5. Évada után megnézni','2025-05-04 15:49:13'),(13,1,NULL,1396,'TOP 1. Kva jó.\nMilán ajánlotta :D\nExtrákat meg kell még nézni azért','2025-06-13 19:11:24'),(14,1,NULL,94664,'Nagyon nagyon jó, waiting for s3','2025-06-14 00:33:52'),(15,1,NULL,40075,'Magyarul, muterral 2:9nél jártunk','2025-07-19 22:56:15'),(16,1,NULL,274671,'Hasonlónak hangzik mint a jobless reincarnation. Meg kellene próbálni','2025-06-14 09:57:57'),(17,1,NULL,260823,'Jobless reincarnation Paul lenne az? Rudeus apja? Érdekes','2025-06-14 09:59:46'),(18,1,NULL,60059,'Együtt nézzük anyával. A Breaking Bad és a film után jöhet az S6E10, addig nem','2025-07-17 19:16:20'),(19,1,1087891,NULL,'Apa ajánlotta','2025-06-14 19:16:59'),(20,1,NULL,1429,'Berek ajánlotta. A végén még van film és hasonlók, azok az S0-ban vannak','2025-06-30 11:02:24'),(22,1,NULL,225171,'Vince gilligan új sorozata??? És ugyanúgy new mexicoban játszódik ugyan ott ahol a bb és a bcs','2025-06-19 21:25:17'),(23,1,NULL,225171,'Vince gilligan új sorozata??? És ugyanúgy new mexicoban játszódik ugyan ott ahol a bb és a bcs','2025-06-19 21:25:17'),(24,1,NULL,232230,'Elvileg nagyon jó lesz, és valami 30.000 frame van 1 epizódban. Érdekes','2025-06-22 03:26:35'),(25,1,NULL,1434,'Együtt nézzük','2025-06-26 09:44:01'),(26,1,NULL,93405,'Jó','2025-07-01 11:38:09');
/*!40000 ALTER TABLE `user_notes` ENABLE KEYS */;
UNLOCK TABLES;

--
-- Table structure for table `user_watched_episodes`
--

DROP TABLE IF EXISTS `user_watched_episodes`;
/*!40101 SET @saved_cs_client     = @@character_set_client */;
/*!40101 SET character_set_client = utf8 */;
CREATE TABLE `user_watched_episodes` (
  `watched_episode_id` int(11) NOT NULL AUTO_INCREMENT,
  `user_id` int(11) NOT NULL,
  `series_id` int(11) DEFAULT NULL,
  `episode_id` int(11) NOT NULL,
  `watched_at` timestamp NOT NULL DEFAULT current_timestamp(),
  PRIMARY KEY (`watched_episode_id`),
  UNIQUE KEY `user_id` (`user_id`,`series_id`,`episode_id`),
  CONSTRAINT `user_watched_episodes_ibfk_1` FOREIGN KEY (`user_id`) REFERENCES `users` (`user_id`) ON DELETE CASCADE
) ENGINE=InnoDB AUTO_INCREMENT=1172 DEFAULT CHARSET=utf8mb4 COLLATE=utf8mb4_general_ci;
/*!40101 SET character_set_client = @saved_cs_client */;

--
-- Dumping data for table `user_watched_episodes`
--

LOCK TABLES `user_watched_episodes` WRITE;
/*!40000 ALTER TABLE `user_watched_episodes` DISABLE KEYS */;
INSERT INTO `user_watched_episodes` VALUES (88,1,1396,62087,'2025-06-13 23:29:40'),(89,1,1396,62088,'2025-06-13 23:29:40'),(90,1,1396,62089,'2025-06-13 23:29:40'),(91,1,1396,62090,'2025-06-13 23:29:40'),(92,1,1396,62091,'2025-06-13 23:29:40'),(93,1,1396,972873,'2025-06-13 23:29:40'),(94,1,1396,972874,'2025-06-13 23:29:40'),(95,1,1396,62094,'2025-06-13 23:29:40'),(96,1,1396,62095,'2025-06-13 23:29:40'),(97,1,1396,62096,'2025-06-13 23:29:40'),(98,1,1396,62097,'2025-06-13 23:29:40'),(99,1,1396,62098,'2025-06-13 23:29:40'),(100,1,1396,62099,'2025-06-13 23:29:40'),(101,1,1396,62100,'2025-06-13 23:29:40'),(102,1,1396,62101,'2025-06-13 23:29:40'),(103,1,1396,62102,'2025-06-13 23:29:40'),(104,1,1396,62103,'2025-06-13 23:29:40'),(105,1,1396,62104,'2025-06-13 23:29:40'),(106,1,1396,62105,'2025-06-13 23:29:40'),(107,1,1396,62106,'2025-06-13 23:29:40'),(108,1,1396,62107,'2025-06-13 23:29:40'),(109,1,1396,62108,'2025-06-13 23:29:40'),(110,1,1396,62109,'2025-06-13 23:29:40'),(111,1,1396,62110,'2025-06-13 23:29:40'),(112,1,1396,62111,'2025-06-13 23:29:40'),(113,1,1396,62112,'2025-06-13 23:29:40'),(114,1,1396,62113,'2025-06-13 23:29:40'),(115,1,1396,62114,'2025-06-13 23:29:40'),(116,1,1396,62115,'2025-06-13 23:29:40'),(117,1,1396,62116,'2025-06-13 23:29:40'),(118,1,1396,62117,'2025-06-13 23:29:40'),(119,1,1396,62118,'2025-06-13 23:29:40'),(120,1,1396,62119,'2025-06-13 23:29:40'),(121,1,1396,62120,'2025-06-13 23:29:40'),(122,1,1396,62122,'2025-06-13 23:29:40'),(123,1,1396,62123,'2025-06-13 23:29:40'),(124,1,1396,62124,'2025-06-13 23:29:40'),(125,1,1396,62121,'2025-06-13 23:29:40'),(126,1,1396,62127,'2025-06-13 23:29:40'),(127,1,1396,62125,'2025-06-13 23:29:40'),(128,1,1396,62126,'2025-06-13 23:29:40'),(129,1,1396,62129,'2025-06-13 23:29:40'),(130,1,1396,62128,'2025-06-13 23:29:40'),(131,1,1396,62130,'2025-06-13 23:29:40'),(132,1,1396,62147,'2025-06-13 23:29:40'),(133,1,1396,62148,'2025-06-13 23:29:40'),(134,1,1396,62149,'2025-06-13 23:29:40'),(135,1,1396,62150,'2025-06-13 23:29:40'),(136,1,1396,62151,'2025-06-13 23:29:40'),(137,1,1396,62152,'2025-06-13 23:29:40'),(138,1,1396,62153,'2025-06-13 23:29:40'),(139,1,1396,62154,'2025-06-13 23:29:40'),(140,1,1396,62155,'2025-06-13 23:29:40'),(141,1,1396,62156,'2025-06-13 23:29:40'),(142,1,1396,62159,'2025-06-13 23:29:40'),(143,1,1396,62158,'2025-06-13 23:29:40'),(144,1,1396,62157,'2025-06-13 23:29:40'),(145,1,1396,62162,'2025-06-13 23:29:40'),(146,1,1396,62160,'2025-06-13 23:29:40'),(148,1,1429,65480,'2025-06-14 00:01:11'),(149,1,1429,65490,'2025-06-14 00:01:11'),(150,1,1429,65473,'2025-06-14 00:01:11'),(151,1,1429,65474,'2025-06-14 00:01:11'),(152,1,1429,65491,'2025-06-14 00:01:11'),(153,1,1429,65475,'2025-06-14 00:01:11'),(154,1,1429,65476,'2025-06-14 00:01:11'),(155,1,1429,65477,'2025-06-14 00:01:11'),(156,1,1429,65479,'2025-06-14 00:01:11'),(157,1,1429,65496,'2025-06-14 00:01:11'),(158,1,1429,65495,'2025-06-14 00:01:11'),(159,1,1429,65494,'2025-06-14 00:01:11'),(160,1,1429,65492,'2025-06-14 00:01:11'),(161,1,1429,65478,'2025-06-14 00:01:11'),(162,1,1429,65481,'2025-06-14 00:01:11'),(163,1,1429,65493,'2025-06-14 00:01:11'),(164,1,1429,65487,'2025-06-14 00:01:11'),(165,1,1429,65486,'2025-06-14 00:01:11'),(166,1,1429,65482,'2025-06-14 00:01:11'),(167,1,1429,65483,'2025-06-14 00:01:11'),(168,1,1429,65489,'2025-06-14 00:01:11'),(169,1,1429,65485,'2025-06-14 00:01:11'),(170,1,1429,65484,'2025-06-14 00:01:11'),(171,1,1429,65488,'2025-06-14 00:01:11'),(172,1,1429,65497,'2025-06-14 00:01:11'),(173,1,1429,1265623,'2025-06-14 00:01:22'),(174,1,1429,1299003,'2025-06-14 00:01:22'),(176,1,60059,1019693,'2025-06-14 00:04:50'),(177,1,60059,1019694,'2025-06-14 00:04:50'),(178,1,60059,1019695,'2025-06-14 00:04:50'),(179,1,60059,1040243,'2025-06-14 00:04:50'),(180,1,60059,1040244,'2025-06-14 00:04:50'),(181,1,270487,5577890,'2025-06-14 00:14:08'),(182,1,270487,5893725,'2025-06-14 00:14:08'),(183,1,270487,5893726,'2025-06-14 00:14:08'),(184,1,270487,5893727,'2025-06-14 00:14:08'),(185,1,270487,5893728,'2025-06-14 00:14:08'),(186,1,270487,5893729,'2025-06-14 00:14:08'),(187,1,270487,5893731,'2025-06-14 00:14:08'),(188,1,270487,5893732,'2025-06-14 00:14:08'),(189,1,270487,5893733,'2025-06-14 00:14:08'),(190,1,270487,5893734,'2025-06-14 00:14:08'),(191,1,270487,5893735,'2025-06-14 00:14:08'),(192,1,270487,5893736,'2025-06-14 00:14:08'),(193,1,270487,5893741,'2025-06-14 00:14:08'),(194,1,270487,5893742,'2025-06-14 00:14:08'),(195,1,94664,1956859,'2025-06-14 00:33:55'),(196,1,94664,2602034,'2025-06-14 00:33:55'),(197,1,94664,2602035,'2025-06-14 00:33:55'),(198,1,94664,2673976,'2025-06-14 00:33:56'),(199,1,94664,2696386,'2025-06-14 00:33:56'),(200,1,94664,2696387,'2025-06-14 00:33:56'),(201,1,94664,2696389,'2025-06-14 00:33:56'),(202,1,94664,2696390,'2025-06-14 00:33:56'),(203,1,94664,2696391,'2025-06-14 00:33:56'),(204,1,94664,2696393,'2025-06-14 00:33:56'),(205,1,94664,2696394,'2025-06-14 00:33:56'),(206,1,94664,3133431,'2025-06-14 00:33:56'),(207,1,94664,3257429,'2025-06-14 00:33:56'),(208,1,94664,3257430,'2025-06-14 00:33:56'),(209,1,94664,3257431,'2025-06-14 00:33:56'),(210,1,94664,3257432,'2025-06-14 00:33:56'),(211,1,94664,3257433,'2025-06-14 00:33:56'),(212,1,94664,3308230,'2025-06-14 00:33:56'),(213,1,94664,3308231,'2025-06-14 00:33:56'),(214,1,94664,3308232,'2025-06-14 00:33:56'),(215,1,94664,3308233,'2025-06-14 00:33:56'),(216,1,94664,3348336,'2025-06-14 00:33:56'),(217,1,94664,3348337,'2025-06-14 00:33:56'),(218,1,94664,4472785,'2025-06-14 00:33:56'),(219,1,94664,4556433,'2025-06-14 00:33:56'),(220,1,94664,4573329,'2025-06-14 00:33:56'),(221,1,94664,4573330,'2025-06-14 00:33:56'),(222,1,94664,4573332,'2025-06-14 00:33:56'),(223,1,94664,4573334,'2025-06-14 00:33:56'),(224,1,94664,4573335,'2025-06-14 00:33:56'),(225,1,94664,4573337,'2025-06-14 00:33:56'),(226,1,94664,4573339,'2025-06-14 00:33:56'),(227,1,94664,4573341,'2025-06-14 00:33:56'),(228,1,94664,4573344,'2025-06-14 00:33:56'),(229,1,94664,4573390,'2025-06-14 00:33:56'),(230,1,94664,5012879,'2025-06-14 00:33:56'),(231,1,94664,5124217,'2025-06-14 00:33:56'),(232,1,94664,5124223,'2025-06-14 00:33:56'),(233,1,94664,5124227,'2025-06-14 00:33:56'),(234,1,94664,5124228,'2025-06-14 00:33:56'),(235,1,94664,5124229,'2025-06-14 00:33:56'),(236,1,94664,5124230,'2025-06-14 00:33:56'),(237,1,94664,5124232,'2025-06-14 00:33:56'),(238,1,94664,5124233,'2025-06-14 00:33:56'),(239,1,94664,5124235,'2025-06-14 00:33:56'),(240,1,94664,5124236,'2025-06-14 00:33:56'),(241,1,94664,5124237,'2025-06-14 00:33:56'),(242,1,94605,1953812,'2025-06-14 00:38:03'),(243,1,94605,3241290,'2025-06-14 00:38:04'),(244,1,94605,3241291,'2025-06-14 00:38:05'),(245,1,94605,3246865,'2025-06-14 00:38:05'),(246,1,94605,3246866,'2025-06-14 00:38:05'),(247,1,94605,3246867,'2025-06-14 00:38:05'),(248,1,94605,3246868,'2025-06-14 00:38:05'),(249,1,94605,3246869,'2025-06-14 00:38:05'),(250,1,94605,3246870,'2025-06-14 00:38:06'),(251,1,94605,5608924,'2025-06-14 00:38:06'),(252,1,94605,5609642,'2025-06-14 00:38:06'),(253,1,94605,5609643,'2025-06-14 00:38:06'),(254,1,94605,5609646,'2025-06-14 00:38:06'),(255,1,94605,5609647,'2025-06-14 00:38:06'),(256,1,94605,5609648,'2025-06-14 00:38:06'),(257,1,94605,5609649,'2025-06-14 00:38:06'),(258,1,94605,5609650,'2025-06-14 00:38:07'),(259,1,94605,5609651,'2025-06-14 00:38:07'),(260,1,40075,871281,'2025-06-14 00:39:05'),(261,1,40075,871282,'2025-06-14 00:39:08'),(262,1,40075,871283,'2025-06-14 00:39:09'),(263,1,40075,871285,'2025-06-14 00:39:09'),(264,1,40075,871284,'2025-06-14 00:39:10'),(265,1,40075,871286,'2025-06-14 00:39:10'),(266,1,40075,871287,'2025-06-14 00:39:11'),(267,1,40075,871288,'2025-06-14 00:39:11'),(268,1,40075,871289,'2025-06-14 00:39:12'),(269,1,40075,871290,'2025-06-14 00:39:12'),(270,1,40075,871291,'2025-06-14 00:39:13'),(271,1,40075,871292,'2025-06-14 00:39:13'),(272,1,40075,871293,'2025-06-14 00:39:13'),(273,1,40075,871297,'2025-06-14 00:39:13'),(274,1,40075,871298,'2025-06-14 00:39:13'),(275,1,40075,871296,'2025-06-14 00:39:13'),(276,1,40075,871295,'2025-06-14 00:39:13'),(277,1,40075,871294,'2025-06-14 00:39:13'),(278,1,40075,871299,'2025-06-14 00:39:13'),(279,1,40075,871300,'2025-06-14 00:39:13'),(280,1,40075,1000464,'2025-06-14 00:39:41'),(281,1,40075,1000465,'2025-06-14 00:39:41'),(282,1,40075,1002898,'2025-06-14 00:39:41'),(283,1,40075,1007014,'2025-06-14 00:39:41'),(284,1,40075,1003903,'2025-06-14 00:39:41'),(285,1,40075,1012743,'2025-06-14 00:39:41'),(286,1,40075,1010714,'2025-06-14 00:39:41'),(287,1,40075,1014444,'2025-06-14 00:39:41'),(288,1,40075,1015152,'2025-06-14 00:39:41'),(289,1,94954,4768886,'2025-06-14 00:41:06'),(290,1,94954,4768888,'2025-06-14 00:41:07'),(291,1,94954,4768889,'2025-06-14 00:41:07'),(292,1,94954,4768890,'2025-06-14 00:41:07'),(293,1,94954,4768891,'2025-06-14 00:41:07'),(294,1,94954,4768892,'2025-06-14 00:41:07'),(295,1,94954,4768893,'2025-06-14 00:41:07'),(296,1,94954,4768894,'2025-06-14 00:41:08'),(297,1,289892,6174880,'2025-06-14 00:41:46'),(298,1,289892,6175180,'2025-06-14 00:41:46'),(299,1,289892,6175305,'2025-06-14 00:41:46'),(300,1,289892,6175354,'2025-06-14 00:41:46'),(301,1,289892,6175375,'2025-06-14 00:41:47'),(302,1,289892,6175403,'2025-06-14 00:41:47'),(303,1,289892,6175468,'2025-06-14 00:41:47'),(304,1,289892,6175479,'2025-06-14 00:41:48'),(305,1,289892,6177205,'2025-06-14 00:42:07'),(306,1,289892,6178693,'2025-06-14 00:42:07'),(307,1,289892,6178694,'2025-06-14 00:42:07'),(308,1,289892,6178696,'2025-06-14 00:42:07'),(309,1,289892,6178700,'2025-06-14 00:42:07'),(310,1,289892,6178701,'2025-06-14 00:42:07'),(311,1,289892,6178702,'2025-06-14 00:42:07'),(312,1,60625,973400,'2025-06-14 00:44:45'),(313,1,60625,973401,'2025-06-14 00:44:45'),(314,1,60625,973402,'2025-06-14 00:44:45'),(315,1,60625,973403,'2025-06-14 00:44:45'),(316,1,60625,973404,'2025-06-14 00:44:45'),(317,1,60625,973405,'2025-06-14 00:44:45'),(318,1,60625,973406,'2025-06-14 00:44:45'),(319,1,60625,973407,'2025-06-14 00:44:45'),(320,1,60625,973462,'2025-06-14 00:44:45'),(321,1,60625,973676,'2025-06-14 00:44:46'),(322,1,60625,974721,'2025-06-14 00:44:46'),(323,1,60625,1061750,'2025-06-14 00:44:46'),(324,1,60625,1091840,'2025-06-14 00:44:46'),(325,1,60625,1091841,'2025-06-14 00:44:46'),(326,1,60625,1091844,'2025-06-14 00:44:46'),(327,1,60625,1091843,'2025-06-14 00:44:46'),(328,1,60625,1091842,'2025-06-14 00:44:46'),(329,1,60625,1106242,'2025-06-14 00:44:46'),(330,1,60625,1106721,'2025-06-14 00:44:46'),(331,1,60625,1109175,'2025-06-14 00:44:46'),(332,1,60625,1109176,'2025-06-14 00:44:46'),(333,1,60625,1298227,'2025-06-14 00:44:46'),(334,1,60625,1302008,'2025-06-14 00:44:46'),(335,1,60625,1340487,'2025-06-14 00:44:46'),(336,1,60625,1345587,'2025-06-14 00:44:46'),(337,1,60625,1345588,'2025-06-14 00:44:46'),(338,1,60625,1345589,'2025-06-14 00:44:46'),(339,1,60625,1345590,'2025-06-14 00:44:46'),(340,1,60625,1345591,'2025-06-14 00:44:46'),(341,1,60625,1360245,'2025-06-14 00:44:46'),(342,1,60625,1360246,'2025-06-14 00:44:46'),(343,1,60625,1947767,'2025-06-14 00:44:46'),(344,1,60625,1979602,'2025-06-14 00:44:46'),(345,1,60625,1979603,'2025-06-14 00:44:46'),(346,1,60625,1979604,'2025-06-14 00:44:46'),(347,1,60625,1979605,'2025-06-14 00:44:46'),(348,1,60625,2226346,'2025-06-14 00:44:46'),(349,1,60625,2226348,'2025-06-14 00:44:46'),(350,1,60625,2226349,'2025-06-14 00:44:46'),(351,1,60625,2226351,'2025-06-14 00:44:46'),(352,1,60625,2226352,'2025-06-14 00:44:46'),(353,1,60625,2839344,'2025-06-14 00:44:46'),(354,1,60625,2991268,'2025-06-14 00:44:46'),(355,1,60625,2991270,'2025-06-14 00:44:46'),(356,1,60625,2991269,'2025-06-14 00:44:46'),(357,1,60625,2991271,'2025-06-14 00:44:46'),(358,1,60625,2991272,'2025-06-14 00:44:46'),(359,1,60625,2991273,'2025-06-14 00:44:47'),(360,1,60625,2991274,'2025-06-14 00:44:47'),(361,1,60625,2991275,'2025-06-14 00:44:47'),(362,1,60625,2991276,'2025-06-14 00:44:47'),(363,1,60625,3891529,'2025-06-14 00:44:47'),(364,1,60625,3891525,'2025-06-14 00:44:47'),(365,1,60625,3854678,'2025-06-14 00:44:47'),(366,1,60625,3891527,'2025-06-14 00:44:47'),(367,1,60625,3891511,'2025-06-14 00:44:47'),(368,1,60625,3891531,'2025-06-14 00:44:47'),(369,1,60625,3891510,'2025-06-14 00:44:47'),(370,1,60625,3891530,'2025-06-14 00:44:47'),(371,1,60625,3891528,'2025-06-14 00:44:47'),(372,1,60625,3891509,'2025-06-14 00:44:47'),(373,1,60625,4678377,'2025-06-14 00:44:47'),(374,1,60625,4694201,'2025-06-14 00:44:47'),(375,1,60625,4694202,'2025-06-14 00:44:47'),(376,1,60625,4694203,'2025-06-14 00:44:47'),(377,1,60625,4694204,'2025-06-14 00:44:47'),(378,1,60625,4694205,'2025-06-14 00:44:47'),(379,1,60625,4694207,'2025-06-14 00:44:47'),(380,1,60625,4694208,'2025-06-14 00:44:47'),(381,1,60625,4694209,'2025-06-14 00:44:47'),(382,1,60625,4694210,'2025-06-14 00:44:47'),(383,1,60625,6085790,'2025-06-14 00:44:47'),(384,1,60625,6122200,'2025-06-14 00:44:47'),(385,1,60625,6122201,'2025-06-14 00:44:47'),(393,1,156563,3474331,'2025-06-14 00:47:24'),(394,1,156563,4140738,'2025-06-14 00:47:24'),(395,1,156563,4140739,'2025-06-14 00:47:24'),(396,1,156563,4140741,'2025-06-14 00:47:24'),(397,1,156563,4140740,'2025-06-14 00:47:24'),(398,1,156563,4140742,'2025-06-14 00:47:24'),(399,1,156563,4140743,'2025-06-14 00:47:24'),(400,1,156563,4140744,'2025-06-14 00:47:24'),(401,1,156563,4140745,'2025-06-14 00:47:24'),(402,1,156563,4140746,'2025-06-14 00:47:24'),(403,1,156563,4140747,'2025-06-14 00:47:24'),(404,1,156563,4140748,'2025-06-14 00:47:24'),(405,1,156563,4320941,'2025-06-14 00:47:24'),(406,1,42009,877838,'2025-06-14 00:48:54'),(407,1,42009,877836,'2025-06-14 00:48:54'),(408,1,42009,877837,'2025-06-14 00:48:54'),(409,1,42009,877841,'2025-06-14 00:49:03'),(410,1,42009,877840,'2025-06-14 00:49:04'),(411,1,42009,877839,'2025-06-14 00:49:04'),(412,1,42009,1226008,'2025-06-14 00:49:35'),(413,1,42009,1226007,'2025-06-14 00:50:29'),(414,1,65942,4319552,'2025-06-14 10:03:55'),(415,1,65942,1216460,'2025-06-14 10:03:55'),(416,1,65942,1216459,'2025-06-14 10:03:55'),(417,1,65942,1216458,'2025-06-14 10:03:55'),(418,1,65942,1213037,'2025-06-14 10:03:56'),(419,1,65942,1213036,'2025-06-14 10:03:56'),(420,1,65942,1213035,'2025-06-14 10:03:56'),(421,1,65942,1212919,'2025-06-14 10:03:56'),(422,1,65942,1204104,'2025-06-14 10:03:56'),(423,1,65942,1204103,'2025-06-14 10:03:56'),(424,1,65942,1204102,'2025-06-14 10:03:56'),(425,1,65942,1204101,'2025-06-14 10:03:56'),(426,1,65942,1204100,'2025-06-14 10:03:56'),(427,1,65942,1200573,'2025-06-14 10:03:56'),(428,1,65942,1200572,'2025-06-14 10:03:56'),(429,1,65942,1200571,'2025-06-14 10:03:56'),(430,1,65942,1184107,'2025-06-14 10:03:56'),(431,1,65942,1184106,'2025-06-14 10:03:56'),(432,1,65942,1184105,'2025-06-14 10:03:56'),(433,1,65942,1184104,'2025-06-14 10:03:56'),(434,1,65942,1184103,'2025-06-14 10:03:56'),(435,1,65942,1184102,'2025-06-14 10:03:56'),(436,1,65942,1184101,'2025-06-14 10:03:56'),(437,1,65942,1184100,'2025-06-14 10:03:56'),(438,1,65942,1184099,'2025-06-14 10:03:56'),(439,1,65942,1176875,'2025-06-14 10:03:56'),(440,1,1396,62085,'2025-06-14 13:04:00'),(441,1,1396,62086,'2025-06-14 13:04:00'),(442,1,60059,1041797,'2025-06-14 18:09:44'),(443,1,60059,1041926,'2025-06-14 18:59:41'),(444,2,60059,1019693,'2025-06-14 19:08:55'),(445,2,60059,1019694,'2025-06-14 19:08:55'),(446,2,60059,1019695,'2025-06-14 19:08:55'),(447,2,60059,1040243,'2025-06-14 19:08:55'),(448,2,60059,1040244,'2025-06-14 19:08:55'),(449,2,60059,1041797,'2025-06-14 19:08:55'),(450,2,60059,1041926,'2025-06-14 19:08:55'),(451,1,1429,1299005,'2025-06-15 00:55:42'),(452,1,1396,62161,'2025-06-15 01:01:48'),(453,1,1429,1299006,'2025-06-15 12:05:46'),(454,1,1429,1299007,'2025-06-15 13:48:42'),(455,1,60059,1041927,'2025-06-15 17:07:14'),(456,1,60059,1041928,'2025-06-15 17:55:01'),(457,1,60059,1041929,'2025-06-15 18:49:24'),(458,1,1429,1313603,'2025-06-15 23:49:43'),(459,1,1429,1313875,'2025-06-16 00:33:12'),(461,1,1429,1318849,'2025-06-16 00:33:34'),(462,1,1429,1321437,'2025-06-16 11:45:50'),(463,1,1429,1323836,'2025-06-16 11:45:50'),(616,1,1429,1324673,'2025-06-16 18:18:45'),(617,1,1429,1324674,'2025-06-16 18:18:45'),(618,1,1429,1518847,'2025-06-16 21:37:46'),(619,1,1429,1528757,'2025-06-16 21:37:46'),(620,1,1429,1530238,'2025-06-16 21:37:46'),(621,1,1429,1530239,'2025-06-17 00:25:04'),(624,1,1429,1552112,'2025-06-17 01:11:36'),(625,1,1429,1554047,'2025-06-17 01:11:36'),(626,1,1429,1554048,'2025-06-17 13:34:31'),(627,1,1429,1554578,'2025-06-17 13:34:31'),(628,1,1429,1554579,'2025-06-17 15:38:37'),(629,1,1429,1554580,'2025-06-17 15:38:37'),(630,2,271050,5589889,'2025-06-18 13:21:34'),(631,2,271050,5589905,'2025-06-18 13:21:34'),(632,2,271050,5589908,'2025-06-18 13:21:34'),(633,2,271050,5589910,'2025-06-18 13:21:34'),(634,2,271050,5589913,'2025-06-18 13:21:35'),(635,2,271050,5589914,'2025-06-18 13:21:35'),(636,2,271050,5589915,'2025-06-18 13:21:35'),(637,2,271050,5589916,'2025-06-18 13:21:35'),(638,2,271050,5589917,'2025-06-18 13:21:35'),(639,2,271050,5589918,'2025-06-18 13:21:35'),(640,1,60059,1137066,'2025-06-18 19:14:04'),(641,1,60059,1164133,'2025-06-18 20:04:23'),(658,1,90746,1839198,'2025-06-18 20:27:53'),(659,1,90746,1839222,'2025-06-18 20:27:53'),(660,1,90746,1839223,'2025-06-18 20:27:53'),(661,1,90746,1839224,'2025-06-18 20:40:40'),(662,1,90746,1839226,'2025-06-18 20:40:41'),(663,1,90746,1839245,'2025-06-18 20:40:41'),(664,1,90746,1839255,'2025-06-18 20:40:41'),(665,1,90746,1839256,'2025-06-18 20:40:41'),(666,1,90746,1839257,'2025-06-18 20:40:41'),(667,1,90746,1839258,'2025-06-18 20:40:41'),(668,1,1429,1554581,'2025-06-18 21:42:54'),(669,1,1429,1595000,'2025-06-18 22:14:40'),(670,1,1429,1595358,'2025-06-18 22:14:40'),(671,1,66732,1198665,'2025-06-19 14:29:04'),(672,1,66732,1203677,'2025-06-19 14:29:04'),(673,1,66732,1203679,'2025-06-19 14:29:04'),(674,1,66732,1203680,'2025-06-19 14:29:04'),(675,1,66732,1205904,'2025-06-19 14:29:04'),(676,1,66732,1205905,'2025-06-19 14:29:04'),(677,1,66732,1205906,'2025-06-19 14:29:04'),(678,1,66732,1205907,'2025-06-19 14:29:04'),(679,1,66732,1250983,'2025-06-19 14:29:04'),(680,1,66732,1250984,'2025-06-19 14:29:04'),(681,1,66732,1250985,'2025-06-19 14:29:04'),(682,1,66732,1250986,'2025-06-19 14:29:04'),(683,1,66732,1250987,'2025-06-19 14:29:04'),(684,1,66732,1250988,'2025-06-19 14:29:04'),(685,1,66732,1250989,'2025-06-19 14:29:04'),(686,1,66732,1250990,'2025-06-19 14:29:04'),(687,1,66732,1250991,'2025-06-19 14:29:04'),(688,1,66732,1657328,'2025-06-19 14:29:04'),(689,1,66732,1657329,'2025-06-19 14:29:04'),(690,1,66732,1657330,'2025-06-19 14:29:04'),(691,1,66732,1657331,'2025-06-19 14:29:04'),(692,1,66732,1657332,'2025-06-19 14:29:04'),(693,1,66732,1657333,'2025-06-19 14:29:04'),(694,1,66732,1657334,'2025-06-19 14:29:04'),(695,1,66732,1657335,'2025-06-19 14:29:04'),(696,1,66732,2551221,'2025-06-19 14:29:04'),(697,1,66732,3325032,'2025-06-19 14:29:04'),(698,1,66732,3325033,'2025-06-19 14:29:04'),(699,1,66732,3325035,'2025-06-19 14:29:04'),(700,1,66732,3325036,'2025-06-19 14:29:04'),(701,1,66732,3325038,'2025-06-19 14:29:04'),(702,1,66732,3325040,'2025-06-19 14:29:04'),(703,1,66732,3325041,'2025-06-19 14:29:04'),(704,1,66732,3325045,'2025-06-19 14:29:04'),(766,1,1429,1762610,'2025-06-19 23:47:08'),(767,1,1429,1762611,'2025-06-19 23:47:08'),(768,1,1429,1762612,'2025-06-19 23:47:08'),(769,1,1429,1762613,'2025-06-19 23:47:08'),(770,1,1429,1762614,'2025-06-19 23:47:08'),(771,1,1429,1762615,'2025-06-19 23:47:08'),(772,1,1429,1762616,'2025-06-20 05:12:15'),(773,1,1429,1762617,'2025-06-20 05:12:15'),(774,1,1429,1762618,'2025-06-20 10:05:25'),(775,1,1429,1840420,'2025-06-20 12:40:57'),(776,1,60059,1164134,'2025-06-20 21:03:38'),(777,1,60059,1171587,'2025-06-20 21:03:38'),(778,1,60059,1174270,'2025-06-21 14:59:36'),(779,1,60059,1174271,'2025-06-21 15:56:37'),(780,1,60059,1177127,'2025-06-21 16:45:02'),(782,1,1429,2440181,'2025-06-22 02:55:41'),(783,1,1429,2548771,'2025-06-22 02:55:41'),(784,1,1429,2548772,'2025-06-22 02:55:41'),(785,1,1429,2548773,'2025-06-22 02:55:41'),(788,1,1429,2548774,'2025-06-22 23:55:15'),(789,1,1429,2548775,'2025-06-22 23:55:15'),(790,1,1429,2548776,'2025-06-22 23:55:15'),(791,1,1429,2548777,'2025-06-23 01:17:16'),(792,1,1429,2548778,'2025-06-23 01:17:16'),(793,1,1429,2548779,'2025-06-23 01:17:16'),(795,8,1402,63342,'2025-06-24 07:54:11'),(796,8,1402,63343,'2025-06-24 07:54:11'),(797,8,1402,63344,'2025-06-24 07:54:11'),(798,8,1402,63345,'2025-06-24 07:54:11'),(799,8,1402,63348,'2025-06-24 07:54:12'),(800,8,1402,63346,'2025-06-24 07:54:12'),(801,8,1402,63347,'2025-06-24 07:54:12'),(802,8,1402,63349,'2025-06-24 07:54:12'),(803,8,1402,63352,'2025-06-24 07:54:12'),(804,8,1402,63350,'2025-06-24 07:54:12'),(805,8,1402,63339,'2025-06-24 07:56:37'),(806,8,1402,63337,'2025-06-24 07:56:37'),(807,8,1402,63338,'2025-06-24 07:56:37'),(808,8,1402,63336,'2025-06-24 07:56:37'),(809,8,1402,63340,'2025-06-24 07:56:37'),(810,8,1402,63341,'2025-06-24 07:56:37'),(811,1,60059,1177128,'2025-06-24 19:21:59'),(812,1,119051,2738253,'2025-06-25 01:02:27'),(813,1,119051,3901538,'2025-06-25 01:02:27'),(814,1,119051,3901539,'2025-06-25 01:02:27'),(815,1,119051,3901540,'2025-06-25 01:02:27'),(816,1,119051,3901541,'2025-06-25 01:02:27'),(817,1,119051,3901542,'2025-06-25 01:02:27'),(818,1,119051,3901543,'2025-06-25 01:02:27'),(819,1,119051,3901544,'2025-06-25 01:02:27'),(820,8,1402,63351,'2025-06-25 21:31:43'),(821,8,93405,1922715,'2025-06-26 08:31:42'),(822,8,93405,3146767,'2025-06-26 08:31:42'),(823,8,93405,3146768,'2025-06-26 08:31:42'),(824,8,93405,3146770,'2025-06-26 08:31:42'),(825,8,93405,3146771,'2025-06-26 08:31:42'),(826,8,93405,3146772,'2025-06-26 08:31:42'),(827,8,93405,3146773,'2025-06-26 08:31:42'),(828,8,93405,3146774,'2025-06-26 08:31:42'),(829,8,93405,3222798,'2025-06-26 08:31:42'),(830,8,93405,5475279,'2025-06-26 08:31:43'),(831,8,93405,5508375,'2025-06-26 08:31:43'),(832,8,93405,5509085,'2025-06-26 08:31:43'),(833,8,93405,5747916,'2025-06-26 08:31:43'),(834,8,93405,5747917,'2025-06-26 08:31:43'),(835,8,93405,5747918,'2025-06-26 08:31:43'),(836,8,93405,5747919,'2025-06-26 08:31:43'),(837,8,66732,1198665,'2025-06-26 08:39:20'),(838,8,66732,1203677,'2025-06-26 08:39:20'),(839,8,66732,1203679,'2025-06-26 08:39:20'),(840,8,66732,1203680,'2025-06-26 08:39:20'),(841,8,66732,1205904,'2025-06-26 08:39:20'),(842,8,66732,1205905,'2025-06-26 08:39:20'),(843,8,66732,1205906,'2025-06-26 08:39:20'),(844,8,66732,1205907,'2025-06-26 08:39:20'),(845,8,66732,1250983,'2025-06-26 08:39:20'),(846,8,66732,1250984,'2025-06-26 08:39:20'),(847,8,66732,1250985,'2025-06-26 08:39:20'),(848,8,66732,1250986,'2025-06-26 08:39:20'),(849,8,66732,1250987,'2025-06-26 08:39:20'),(850,8,66732,1250988,'2025-06-26 08:39:20'),(851,8,66732,1250989,'2025-06-26 08:39:20'),(852,8,66732,1250990,'2025-06-26 08:39:21'),(853,8,66732,1250991,'2025-06-26 08:39:21'),(854,8,66732,1657328,'2025-06-26 08:39:21'),(855,8,66732,1657329,'2025-06-26 08:39:21'),(856,8,66732,1657330,'2025-06-26 08:39:21'),(857,8,66732,1657331,'2025-06-26 08:39:21'),(858,8,66732,1657332,'2025-06-26 08:39:21'),(859,8,66732,1657333,'2025-06-26 08:39:21'),(860,8,66732,1657334,'2025-06-26 08:39:21'),(861,8,66732,1657335,'2025-06-26 08:39:21'),(862,8,66732,2551221,'2025-06-26 08:39:21'),(863,8,66732,3325032,'2025-06-26 08:39:21'),(864,8,66732,3325033,'2025-06-26 08:39:21'),(865,8,66732,3325035,'2025-06-26 08:39:21'),(866,8,66732,3325036,'2025-06-26 08:39:21'),(867,8,66732,3325038,'2025-06-26 08:39:21'),(868,8,66732,3325040,'2025-06-26 08:39:22'),(869,8,66732,3325041,'2025-06-26 08:39:22'),(870,8,66732,3325045,'2025-06-26 08:39:22'),(871,8,119051,2738253,'2025-06-26 08:45:12'),(872,8,119051,3901538,'2025-06-26 08:45:12'),(873,8,119051,3901539,'2025-06-26 08:45:12'),(874,8,119051,3901540,'2025-06-26 08:45:12'),(875,8,119051,3901541,'2025-06-26 08:45:12'),(876,8,119051,3901542,'2025-06-26 08:45:12'),(877,8,119051,3901543,'2025-06-26 08:45:13'),(878,8,119051,3901544,'2025-06-26 08:45:13'),(879,1,1434,66050,'2025-06-26 09:42:34'),(880,1,1434,66049,'2025-06-26 09:42:34'),(881,1,1434,66051,'2025-06-26 09:42:34'),(882,1,1434,66052,'2025-06-26 09:42:34'),(883,1,1434,66053,'2025-06-26 09:42:34'),(884,1,1434,66054,'2025-06-26 09:42:34'),(885,1,1434,66055,'2025-06-26 09:42:34'),(886,1,1434,66068,'2025-06-26 09:42:49'),(887,1,1434,66070,'2025-06-26 09:42:49'),(888,1,1434,66071,'2025-06-26 09:42:49'),(889,1,1434,66056,'2025-06-26 09:42:49'),(890,2,93405,1922715,'2025-06-27 05:57:00'),(891,2,93405,3146767,'2025-06-27 05:57:00'),(892,2,93405,3146768,'2025-06-27 05:57:00'),(893,2,93405,3146770,'2025-06-27 05:57:00'),(894,2,93405,3146771,'2025-06-27 05:57:00'),(895,2,93405,3146772,'2025-06-27 05:57:00'),(896,2,93405,3146773,'2025-06-27 05:57:01'),(897,2,93405,3146774,'2025-06-27 05:57:01'),(898,2,93405,3222798,'2025-06-27 05:57:01'),(899,2,93405,5475279,'2025-06-27 05:57:13'),(900,2,93405,5508375,'2025-06-27 05:57:13'),(901,2,93405,5509085,'2025-06-27 05:57:13'),(902,2,93405,5747916,'2025-06-27 05:57:13'),(903,2,93405,5747917,'2025-06-27 05:57:13'),(904,2,93405,5747918,'2025-06-27 05:57:13'),(905,2,93405,5747919,'2025-06-27 05:57:13'),(907,8,1402,63354,'2025-06-27 12:13:25'),(908,1,1429,2548780,'2025-06-27 12:16:01'),(909,4,93405,3146767,'2025-06-27 12:17:46'),(910,4,93405,3146768,'2025-06-27 12:17:46'),(911,4,93405,1922715,'2025-06-27 12:17:46'),(912,4,93405,3146770,'2025-06-27 12:17:46'),(913,4,93405,3146771,'2025-06-27 12:17:46'),(914,4,93405,3146772,'2025-06-27 12:17:46'),(915,4,93405,3146773,'2025-06-27 12:17:47'),(916,4,93405,3146774,'2025-06-27 12:17:47'),(917,4,93405,3222798,'2025-06-27 12:17:47'),(918,4,93405,5475279,'2025-06-27 12:18:03'),(919,4,93405,5508375,'2025-06-27 12:18:03'),(920,4,93405,5509085,'2025-06-27 12:18:03'),(921,4,93405,5747916,'2025-06-27 12:18:04'),(922,4,93405,5747917,'2025-06-27 12:18:04'),(923,4,93405,5747918,'2025-06-27 12:18:04'),(924,4,93405,5747919,'2025-06-27 12:18:04'),(941,2,93405,5884550,'2025-06-27 17:37:22'),(942,2,93405,5884551,'2025-06-27 17:37:22'),(943,2,93405,5884553,'2025-06-27 17:37:22'),(944,2,93405,5884554,'2025-06-27 17:37:22'),(945,8,1402,63353,'2025-06-27 21:59:08'),(946,8,1402,63355,'2025-06-27 21:59:27'),(947,1,93405,1922715,'2025-06-28 07:02:44'),(948,1,93405,3146767,'2025-06-28 07:02:44'),(949,1,93405,3146768,'2025-06-28 07:02:44'),(950,1,93405,3146771,'2025-06-28 07:02:44'),(951,1,93405,3146772,'2025-06-28 07:02:44'),(952,1,93405,3146773,'2025-06-28 07:02:44'),(953,1,93405,3146774,'2025-06-28 07:02:44'),(954,1,93405,3146770,'2025-06-28 07:02:44'),(955,1,93405,3222798,'2025-06-28 07:02:44'),(956,1,93405,5475279,'2025-06-28 07:03:01'),(957,1,93405,5508375,'2025-06-28 07:03:01'),(958,1,93405,5509085,'2025-06-28 07:03:01'),(959,1,93405,5747916,'2025-06-28 07:03:01'),(960,1,93405,5747917,'2025-06-28 07:03:01'),(961,1,93405,5747918,'2025-06-28 07:03:01'),(962,1,93405,5747919,'2025-06-28 07:03:01'),(964,1,93405,5884551,'2025-06-28 08:56:15'),(965,1,93405,5884553,'2025-06-28 10:02:55'),(966,1,93405,5884554,'2025-06-28 13:23:41'),(967,1,93405,5884555,'2025-06-28 14:41:25'),(969,1,93405,5884557,'2025-06-28 21:33:17'),(970,1,1429,2548781,'2025-06-29 18:16:00'),(971,1,1429,2548782,'2025-06-29 18:16:01'),(972,1,1429,2548783,'2025-06-29 18:16:01'),(973,8,1402,63356,'2025-06-29 23:20:58'),(974,2,93405,5884555,'2025-06-30 09:39:56'),(975,2,93405,5884557,'2025-06-30 09:39:56'),(976,1,1429,2548784,'2025-06-30 11:26:05'),(977,1,1429,2833844,'2025-06-30 16:55:57'),(978,9,100088,2181581,'2025-06-30 19:01:38'),(979,1,1429,3411711,'2025-06-30 19:27:55'),(980,1,1429,3416103,'2025-06-30 19:50:21'),(981,8,1402,63357,'2025-07-01 10:12:51'),(982,8,1402,63358,'2025-07-01 10:12:51'),(983,8,1402,63359,'2025-07-01 11:08:24'),(984,8,1402,63360,'2025-07-01 11:08:24'),(985,10,93405,1922715,'2025-07-01 17:53:42'),(986,10,93405,3146767,'2025-07-01 17:53:42'),(987,10,93405,3146768,'2025-07-01 17:53:42'),(988,10,93405,3146770,'2025-07-01 17:53:42'),(989,10,93405,3146771,'2025-07-01 17:53:42'),(990,10,93405,3146772,'2025-07-01 17:53:42'),(991,10,93405,3146773,'2025-07-01 17:53:43'),(992,10,93405,3146774,'2025-07-01 17:53:43'),(993,10,93405,3222798,'2025-07-01 17:53:43'),(994,10,93405,5475279,'2025-07-01 17:53:43'),(995,10,93405,5508375,'2025-07-01 17:53:43'),(996,10,93405,5509085,'2025-07-01 17:53:43'),(997,10,93405,5747916,'2025-07-01 17:53:43'),(998,10,93405,5747917,'2025-07-01 17:53:43'),(999,10,93405,5747918,'2025-07-01 17:53:43'),(1000,10,93405,5747919,'2025-07-01 17:53:43'),(1001,10,93405,5884550,'2025-07-01 17:53:43'),(1002,10,93405,5884551,'2025-07-01 17:53:43'),(1003,10,93405,5884553,'2025-07-01 17:53:43'),(1004,10,93405,5884554,'2025-07-01 17:53:43'),(1005,10,93405,5884555,'2025-07-01 17:53:43'),(1006,10,93405,5884557,'2025-07-01 17:53:43'),(1007,10,85720,1666291,'2025-07-01 17:55:12'),(1008,10,85720,2886725,'2025-07-01 17:55:12'),(1009,10,85720,2886728,'2025-07-01 17:55:12'),(1010,10,85720,2886730,'2025-07-01 17:55:12'),(1011,10,85720,2886732,'2025-07-01 17:55:12'),(1012,10,85720,2886735,'2025-07-01 17:55:12'),(1013,10,85720,2886736,'2025-07-01 17:55:12'),(1014,10,85720,2886737,'2025-07-01 17:55:12'),(1015,10,85720,4095167,'2025-07-01 17:55:12'),(1016,10,85720,4241648,'2025-07-01 17:55:12'),(1017,10,85720,4241649,'2025-07-01 17:55:12'),(1018,10,85720,4241650,'2025-07-01 17:55:12'),(1019,10,85720,4241651,'2025-07-01 17:55:12'),(1020,10,85720,4241652,'2025-07-01 17:55:12'),(1021,10,85720,4241653,'2025-07-01 17:55:13'),(1022,10,85720,4241654,'2025-07-01 17:55:13'),(1023,8,1402,63361,'2025-07-01 21:48:47'),(1024,1,60059,1177129,'2025-07-02 19:33:59'),(1025,1,60059,1177130,'2025-07-02 19:33:59'),(1026,8,1402,63362,'2025-07-02 21:40:51'),(1027,1,60059,1257266,'2025-07-03 19:52:40'),(1028,8,1402,63363,'2025-07-03 22:22:15'),(1029,8,1402,63364,'2025-07-03 22:22:15'),(1030,8,1402,63365,'2025-07-04 20:06:43'),(1031,8,1402,63369,'2025-07-04 20:06:43'),(1032,1,60059,1296541,'2025-07-04 20:57:54'),(1033,1,60059,1302563,'2025-07-04 20:57:54'),(1034,8,1402,63367,'2025-07-04 21:33:17'),(1035,1,60059,1302564,'2025-07-04 22:00:30'),(1036,1,60059,1302565,'2025-07-05 19:44:03'),(1037,1,60059,1302566,'2025-07-05 19:44:03'),(1038,1,60059,1302567,'2025-07-05 20:39:22'),(1039,1,60059,1319840,'2025-07-06 17:10:08'),(1040,1,60059,1319841,'2025-07-06 19:17:03'),(1041,1,60059,1327789,'2025-07-06 19:17:03'),(1042,1,60059,1499168,'2025-07-06 20:13:38'),(1043,1,93405,5884550,'2025-07-06 23:03:36'),(1044,8,93405,5884551,'2025-07-07 12:33:25'),(1045,8,93405,5884550,'2025-07-07 12:33:25'),(1046,8,93405,5884553,'2025-07-07 12:33:25'),(1047,8,93405,5884554,'2025-07-07 12:33:26'),(1050,1,60059,1523720,'2025-07-07 15:21:09'),(1051,1,60059,1523721,'2025-07-07 15:21:09'),(1052,1,60059,1542337,'2025-07-07 15:21:09'),(1053,1,60059,1542338,'2025-07-07 18:31:51'),(1054,1,60059,1542346,'2025-07-07 19:23:05'),(1055,1,1429,3416104,'2025-07-08 10:50:03'),(1056,1,1429,3416105,'2025-07-08 16:47:15'),(1057,1,60059,1543105,'2025-07-08 18:43:10'),(1058,1,60059,1543104,'2025-07-08 20:40:52'),(1059,1,60059,1562084,'2025-07-08 20:40:52'),(1060,8,1402,63366,'2025-07-08 22:20:36'),(1061,8,1402,63368,'2025-07-08 22:20:37'),(1062,8,1402,63370,'2025-07-08 22:20:37'),(1063,8,1402,63403,'2025-07-08 22:20:46'),(1064,1,1429,3416106,'2025-07-08 22:43:51'),(1065,8,1402,63404,'2025-07-09 09:24:30'),(1066,8,1402,63405,'2025-07-10 20:21:32'),(1067,8,1402,63406,'2025-07-10 20:21:32'),(1068,1,1429,3416107,'2025-07-11 11:36:02'),(1069,1,60059,1562085,'2025-07-11 17:27:27'),(1070,1,60059,1990318,'2025-07-11 18:32:02'),(1071,1,60059,2069293,'2025-07-11 19:20:47'),(1072,1,60059,2069294,'2025-07-12 17:37:06'),(1073,1,60059,2069295,'2025-07-12 18:26:11'),(1074,1,60059,2069296,'2025-07-12 19:21:04'),(1075,1,60059,2069297,'2025-07-13 19:14:08'),(1076,1,60059,2069298,'2025-07-13 19:14:08'),(1077,1,60059,2069299,'2025-07-14 18:46:22'),(1078,1,60059,2069300,'2025-07-14 19:48:57'),(1079,1,60059,2069301,'2025-07-14 20:50:15'),(1080,1,60059,3497576,'2025-07-15 20:45:47'),(1081,1,60059,3497578,'2025-07-15 20:45:47'),(1082,8,1402,969203,'2025-07-15 23:03:14'),(1083,8,1402,969200,'2025-07-15 23:03:15'),(1084,8,1402,969201,'2025-07-15 23:03:15'),(1085,8,1402,969202,'2025-07-15 23:03:15'),(1086,8,1402,969270,'2025-07-15 23:03:15'),(1087,8,1402,971556,'2025-07-15 23:03:15'),(1088,8,1402,971557,'2025-07-15 23:03:15'),(1089,8,1402,971558,'2025-07-15 23:03:15'),(1091,1,60059,3499861,'2025-07-16 19:34:46'),(1092,1,60059,3641942,'2025-07-16 19:34:46'),(1093,1,60059,3641943,'2025-07-16 20:27:57'),(1094,1,1429,3416108,'2025-07-16 22:18:52'),(1095,8,1402,971559,'2025-07-16 23:22:56'),(1096,8,1402,971560,'2025-07-16 23:22:56'),(1097,1,60059,3641944,'2025-07-17 16:16:21'),(1098,1,60059,3641946,'2025-07-17 17:14:04'),(1099,1,60059,3641948,'2025-07-17 18:03:29'),(1100,1,60059,3641950,'2025-07-17 19:15:52'),(1101,2,60059,1041927,'2025-07-17 19:16:49'),(1102,2,60059,1041928,'2025-07-17 19:16:49'),(1103,2,60059,1041929,'2025-07-17 19:16:49'),(1104,2,60059,1137066,'2025-07-17 19:17:01'),(1105,2,60059,1164133,'2025-07-17 19:17:01'),(1106,2,60059,1164134,'2025-07-17 19:17:02'),(1107,2,60059,1171587,'2025-07-17 19:17:02'),(1108,2,60059,1174270,'2025-07-17 19:17:02'),(1109,2,60059,1174271,'2025-07-17 19:17:02'),(1110,2,60059,1177127,'2025-07-17 19:17:02'),(1111,2,60059,1177128,'2025-07-17 19:17:02'),(1112,2,60059,1177129,'2025-07-17 19:17:02'),(1113,2,60059,1177130,'2025-07-17 19:17:02'),(1114,2,60059,1257266,'2025-07-17 19:17:17'),(1115,2,60059,1296541,'2025-07-17 19:17:17'),(1116,2,60059,1302563,'2025-07-17 19:17:17'),(1117,2,60059,1302565,'2025-07-17 19:17:17'),(1118,2,60059,1302564,'2025-07-17 19:17:17'),(1119,2,60059,1302566,'2025-07-17 19:17:17'),(1120,2,60059,1302567,'2025-07-17 19:17:17'),(1121,2,60059,1319840,'2025-07-17 19:17:17'),(1122,2,60059,1319841,'2025-07-17 19:17:17'),(1123,2,60059,1327789,'2025-07-17 19:17:17'),(1124,2,60059,1499168,'2025-07-17 19:17:33'),(1125,2,60059,1523720,'2025-07-17 19:17:33'),(1126,2,60059,1523721,'2025-07-17 19:17:34'),(1127,2,60059,1542337,'2025-07-17 19:17:34'),(1128,2,60059,1542338,'2025-07-17 19:17:34'),(1129,2,60059,1542346,'2025-07-17 19:17:34'),(1130,2,60059,1543105,'2025-07-17 19:17:34'),(1131,2,60059,1543104,'2025-07-17 19:17:34'),(1132,2,60059,1562084,'2025-07-17 19:17:34'),(1133,2,60059,1562085,'2025-07-17 19:17:34'),(1134,2,60059,1990318,'2025-07-17 19:17:50'),(1135,2,60059,2069293,'2025-07-17 19:17:50'),(1136,2,60059,2069294,'2025-07-17 19:17:50'),(1137,2,60059,2069295,'2025-07-17 19:17:50'),(1138,2,60059,2069296,'2025-07-17 19:17:50'),(1139,2,60059,2069297,'2025-07-17 19:17:50'),(1140,2,60059,2069298,'2025-07-17 19:17:50'),(1141,2,60059,2069299,'2025-07-17 19:17:50'),(1142,2,60059,2069300,'2025-07-17 19:17:50'),(1143,2,60059,2069301,'2025-07-17 19:17:50'),(1144,2,60059,3497576,'2025-07-17 19:17:58'),(1145,2,60059,3497578,'2025-07-17 19:17:58'),(1146,2,60059,3499861,'2025-07-17 19:17:58'),(1147,2,60059,3641942,'2025-07-17 19:17:58'),(1148,2,60059,3641943,'2025-07-17 19:17:58'),(1149,2,60059,3641946,'2025-07-17 19:17:58'),(1150,2,60059,3641948,'2025-07-17 19:17:58'),(1152,2,60059,3641944,'2025-07-17 19:18:13'),(1153,2,60059,3641950,'2025-07-17 19:18:22'),(1154,2,1396,62085,'2025-07-17 20:19:42'),(1155,1,60059,3641951,'2025-07-17 21:50:54'),(1156,8,1402,971561,'2025-07-17 21:55:05'),(1157,8,1402,971562,'2025-07-17 21:55:05'),(1158,1,60059,3641952,'2025-07-17 22:50:17'),(1160,1,60059,3641953,'2025-07-18 19:12:08'),(1161,1,60059,3641954,'2025-07-18 20:29:53'),(1162,2,1396,62086,'2025-07-19 14:08:22'),(1163,2,1396,62087,'2025-07-19 15:49:49'),(1164,2,1396,62088,'2025-07-19 15:50:00'),(1165,2,1396,62089,'2025-07-19 17:13:51'),(1166,2,1396,62090,'2025-07-19 18:05:13'),(1167,2,1396,62091,'2025-07-19 19:00:59'),(1168,1,1429,3416109,'2025-07-19 22:53:15'),(1169,1,1429,3416110,'2025-07-19 22:53:15'),(1170,1,1429,3508325,'2025-07-19 22:53:15'),(1171,1,1429,3508327,'2025-07-19 22:53:15');
/*!40000 ALTER TABLE `user_watched_episodes` ENABLE KEYS */;
UNLOCK TABLES;

--
-- Table structure for table `user_watched_movies`
--

DROP TABLE IF EXISTS `user_watched_movies`;
/*!40101 SET @saved_cs_client     = @@character_set_client */;
/*!40101 SET character_set_client = utf8 */;
CREATE TABLE `user_watched_movies` (
  `watched_id` int(11) NOT NULL AUTO_INCREMENT,
  `user_id` int(11) NOT NULL,
  `movie_id` int(11) NOT NULL,
  `watched_at` timestamp NOT NULL DEFAULT current_timestamp(),
  PRIMARY KEY (`watched_id`),
  UNIQUE KEY `user_id` (`user_id`,`movie_id`),
  CONSTRAINT `user_watched_movies_ibfk_1` FOREIGN KEY (`user_id`) REFERENCES `users` (`user_id`) ON DELETE CASCADE
) ENGINE=InnoDB AUTO_INCREMENT=37 DEFAULT CHARSET=utf8mb4 COLLATE=utf8mb4_general_ci;
/*!40101 SET character_set_client = @saved_cs_client */;

--
-- Dumping data for table `user_watched_movies`
--

LOCK TABLES `user_watched_movies` WRITE;
/*!40000 ALTER TABLE `user_watched_movies` DISABLE KEYS */;
INSERT INTO `user_watched_movies` VALUES (4,1,76600,'2025-03-29 16:54:33'),(5,1,19995,'2025-03-29 17:11:13'),(6,1,533535,'2025-03-29 17:11:37'),(7,1,1072876,'2025-03-29 19:55:07'),(8,1,6479,'2025-03-29 21:14:42'),(10,1,110415,'2025-03-29 22:56:10'),(11,1,4256,'2025-03-30 12:17:58'),(12,2,19995,'2025-03-30 12:24:02'),(13,1,4248,'2025-03-31 11:42:09'),(14,1,4257,'2025-03-31 11:42:14'),(15,1,4258,'2025-03-31 11:42:36'),(17,1,353486,'2025-04-01 03:01:26'),(18,1,512200,'2025-04-01 03:01:36'),(19,1,8844,'2025-04-01 03:01:56'),(20,5,912649,'2025-04-01 07:42:55'),(24,1,950387,'2025-04-14 19:41:55'),(25,1,760747,'2025-04-14 21:55:13'),(27,1,559969,'2025-06-14 00:09:44'),(28,1,100,'2025-06-21 19:18:37'),(29,1,55779,'2025-06-24 17:04:44'),(30,1,19912,'2025-06-25 16:52:39'),(31,1,649609,'2025-06-25 18:47:33'),(32,1,574475,'2025-06-27 12:55:33'),(33,1,13811,'2025-06-30 13:04:04'),(34,10,207,'2025-07-01 18:00:32'),(35,2,574475,'2025-07-18 10:07:03'),(36,2,76600,'2025-07-18 10:07:23');
/*!40000 ALTER TABLE `user_watched_movies` ENABLE KEYS */;
UNLOCK TABLES;

--
-- Table structure for table `user_wishlist`
--

DROP TABLE IF EXISTS `user_wishlist`;
/*!40101 SET @saved_cs_client     = @@character_set_client */;
/*!40101 SET character_set_client = utf8 */;
CREATE TABLE `user_wishlist` (
  `wishlist_id` int(11) NOT NULL AUTO_INCREMENT,
  `user_id` int(11) NOT NULL,
  `movie_id` int(11) DEFAULT NULL,
  `series_id` int(11) DEFAULT NULL,
  `added_at` timestamp NOT NULL DEFAULT current_timestamp(),
  PRIMARY KEY (`wishlist_id`),
  UNIQUE KEY `user_id` (`user_id`,`movie_id`,`series_id`),
  CONSTRAINT `user_wishlist_ibfk_1` FOREIGN KEY (`user_id`) REFERENCES `users` (`user_id`) ON DELETE CASCADE
) ENGINE=InnoDB AUTO_INCREMENT=110 DEFAULT CHARSET=utf8mb4 COLLATE=utf8mb4_general_ci;
/*!40101 SET character_set_client = @saved_cs_client */;

--
-- Dumping data for table `user_wishlist`
--

LOCK TABLES `user_wishlist` WRITE;
/*!40000 ALTER TABLE `user_wishlist` DISABLE KEYS */;
INSERT INTO `user_wishlist` VALUES (15,1,1059673,NULL,'2025-03-29 21:02:12'),(16,1,111332,NULL,'2025-03-29 21:02:35'),(17,1,83533,NULL,'2025-03-29 21:02:53'),(18,1,183392,NULL,'2025-03-29 21:19:59'),(20,1,978592,NULL,'2025-03-29 22:39:20'),(23,4,6479,NULL,'2025-03-30 22:06:21'),(24,4,83533,NULL,'2025-03-30 22:07:10'),(27,1,1197306,NULL,'2025-04-01 04:28:07'),(28,5,1197306,NULL,'2025-04-01 07:44:17'),(31,1,631842,NULL,'2025-04-03 14:27:46'),(32,1,263472,NULL,'2025-04-03 14:28:12'),(33,1,397243,NULL,'2025-04-14 19:44:41'),(34,1,1273059,NULL,'2025-04-14 19:45:09'),(35,1,88751,NULL,'2025-04-14 19:50:28'),(38,1,934809,NULL,'2025-06-13 17:21:13'),(42,1,NULL,13916,'2025-06-14 00:02:21'),(44,1,NULL,127532,'2025-06-14 09:54:55'),(45,1,NULL,274671,'2025-06-14 09:57:31'),(46,1,NULL,260823,'2025-06-14 09:59:50'),(47,1,NULL,72505,'2025-06-14 10:05:27'),(48,1,671,NULL,'2025-06-14 15:36:26'),(49,1,672,NULL,'2025-06-14 15:36:35'),(50,1,674,NULL,'2025-06-14 15:36:43'),(51,1,673,NULL,'2025-06-14 15:36:54'),(52,1,12444,NULL,'2025-06-14 15:37:12'),(53,1,12445,NULL,'2025-06-14 15:37:19'),(54,1,675,NULL,'2025-06-14 15:37:27'),(55,1,767,NULL,'2025-06-14 15:37:33'),(56,1,899082,NULL,'2025-06-14 15:37:41'),(57,1,NULL,224377,'2025-06-14 15:39:23'),(58,1,1087891,NULL,'2025-06-14 19:16:46'),(59,1,10528,NULL,'2025-06-14 19:18:05'),(60,1,58574,NULL,'2025-06-14 19:18:19'),(64,1,945956,NULL,'2025-06-15 15:43:28'),(66,1,NULL,114410,'2025-06-18 01:37:26'),(68,2,NULL,87108,'2025-06-18 13:23:42'),(69,1,NULL,82684,'2025-06-19 02:53:10'),(70,1,NULL,61374,'2025-06-19 03:06:07'),(72,1,NULL,241883,'2025-06-19 18:58:02'),(73,1,179826,NULL,'2025-06-19 19:21:32'),(74,1,NULL,225171,'2025-06-19 21:24:18'),(75,1,NULL,259558,'2025-06-22 03:06:36'),(76,1,NULL,61459,'2025-06-22 03:16:49'),(77,1,NULL,232230,'2025-06-22 03:25:42'),(78,1,NULL,270474,'2025-06-22 03:49:01'),(81,1,NULL,217407,'2025-06-22 22:42:24'),(84,1,NULL,121078,'2025-06-23 23:06:26'),(86,1,NULL,71446,'2025-06-24 10:02:28'),(87,1,NULL,212766,'2025-06-24 11:40:07'),(89,1,72331,NULL,'2025-06-25 17:47:15'),(90,1,NULL,253811,'2025-06-27 06:19:19'),(92,1,1830,NULL,'2025-06-30 13:12:25'),(93,1,NULL,209867,'2025-07-03 08:43:43'),(94,8,NULL,1399,'2025-07-04 09:56:21'),(95,8,NULL,60625,'2025-07-04 09:58:34'),(96,1,NULL,98685,'2025-07-04 12:29:39'),(97,1,NULL,249545,'2025-07-04 12:30:08'),(98,1,NULL,100088,'2025-07-04 16:50:34'),(99,1,NULL,45501,'2025-07-06 10:11:38'),(100,1,NULL,123249,'2025-07-08 15:40:02'),(101,1,NULL,2288,'2025-07-09 07:52:40'),(102,1,NULL,240411,'2025-07-09 10:48:17'),(103,1,800158,NULL,'2025-07-12 09:51:52'),(105,1,NULL,64902,'2025-07-15 23:31:09'),(106,1,NULL,65664,'2025-07-15 23:31:30'),(107,1,NULL,43082,'2025-07-16 10:53:54'),(108,1,592834,NULL,'2025-07-16 16:10:55'),(109,1,26388,NULL,'2025-07-16 21:07:15');
/*!40000 ALTER TABLE `user_wishlist` ENABLE KEYS */;
UNLOCK TABLES;

--
-- Table structure for table `users`
--

DROP TABLE IF EXISTS `users`;
/*!40101 SET @saved_cs_client     = @@character_set_client */;
/*!40101 SET character_set_client = utf8 */;
CREATE TABLE `users` (
  `user_id` int(11) NOT NULL AUTO_INCREMENT,
  `username` varchar(50) NOT NULL,
  `email` varchar(100) NOT NULL,
  `group` varchar(50) NOT NULL DEFAULT 'user',
  `password_hash` text NOT NULL,
  `created_at` timestamp NOT NULL DEFAULT current_timestamp(),
  PRIMARY KEY (`user_id`),
  UNIQUE KEY `username` (`username`),
  UNIQUE KEY `email` (`email`)
) ENGINE=InnoDB AUTO_INCREMENT=13 DEFAULT CHARSET=utf8mb4 COLLATE=utf8mb4_general_ci;
/*!40101 SET character_set_client = @saved_cs_client */;

--
-- Dumping data for table `users`
--

LOCK TABLES `users` WRITE;
/*!40000 ALTER TABLE `users` DISABLE KEYS */;
INSERT INTO `users` VALUES (1,'Rolo','rolo.kiss.09@gmail.com','owner','$2b$10$Ek/DJd851eLZCrLogeOWaO3Fu/.SJCSaUxkn9IlYJ2J1n6WnST/kK','2025-03-29 14:01:51'),(2,'Tünde','kbtunde1@freemail.hu','user','$2b$10$c1FsGb8x5qIbXgixpAx1mO0hMbJ21x9xbysaT5im4solvjnaVI72S','2025-03-30 12:22:33'),(4,'Róland','kissbar3100@gmail.com','admin','$2b$10$bR92.U13vfOiq2LYnHvzKeoq6DtDobBmDZqEtkApRJeenExgiU7ge','2025-03-30 15:37:40'),(5,'Karisz','ifjulukacs@gmail.com','user','$2b$10$7Ibrz5GIVfzKe9zzO03jgOK.KWo3WtTJmppWBXaPt03YqSXgrCE6G','2025-04-01 07:42:08'),(8,'HUNGARY','nagylevi20080115@gmail.com','user','$2b$10$uQYB/lh5g729t72gGdchQ.T/L8tMl6Xc/v0z3QOuAHULrYAarTGTe','2025-06-24 07:46:42'),(9,'Olasz73','kbandi73@freemail.hu','user','$2b$10$dM8bsoenfOvsqjQ0dVLNBOeQBN1op8GaL5Jp1fcVlgXz/pmQ/jWAK','2025-06-30 19:01:18'),(10,'J.Dorina','dorinajoni0906@gmail.com','user','$2b$10$zqRIbzf3ZC1xpPnxhn7rTuuwgZqr449JubQpsYy4rwKWZG.A/NvVC','2025-07-01 17:48:00'),(11,'Rolo_TEST','rolo.roli99.99@gmail.com','user','$2b$10$4CakGidBOU2AFxoLwPw0ZOrdoQhI9wJ.3gqtlxQqrexeNPKYE31my','2025-07-08 22:13:14'),(12,'Server','info.watchlistmanager@gmail.com','owner','$2b$10$0JwSWR4wGkHMTNUQW99RO.4jBsyvl6jh8ToEKEihuFcW5DlmW1Lqe','2025-07-10 19:53:08');
/*!40000 ALTER TABLE `users` ENABLE KEYS */;
UNLOCK TABLES;
/*!40103 SET TIME_ZONE=@OLD_TIME_ZONE */;

/*!40101 SET SQL_MODE=@OLD_SQL_MODE */;
/*!40014 SET FOREIGN_KEY_CHECKS=@OLD_FOREIGN_KEY_CHECKS */;
/*!40014 SET UNIQUE_CHECKS=@OLD_UNIQUE_CHECKS */;
/*!40101 SET CHARACTER_SET_CLIENT=@OLD_CHARACTER_SET_CLIENT */;
/*!40101 SET CHARACTER_SET_RESULTS=@OLD_CHARACTER_SET_RESULTS */;
/*!40101 SET COLLATION_CONNECTION=@OLD_COLLATION_CONNECTION */;
/*!40111 SET SQL_NOTES=@OLD_SQL_NOTES */;

-- Dump completed on 2025-07-20  3:00:00
